<?xml version = '1.0' encoding = 'UTF-8'?>
<Relation class="oracle.dbtools.crest.model.design.logical.Relation" name="FK_TPINSET_TPINSETTECPLANTIO" directorySegmentName="seg_0" id="8737CDE9-B2C3-D8BF-CAC1-56AA0556B9EE">
<createdBy>eduar</createdBy>
<createdTime>2023-06-03 22:02:39 UTC</createdTime>
<ownerDesignName>1TDSPV_ModeloLogico_GS_AgroVida</ownerDesignName>
<engineerTo>
<item key="98D0595C-CA14-DE15-29E3-CD9DE2D163BF" value="true"/>
</engineerTo>
<sourcePk>71839709-3645-FB16-602E-EEB62B3AB18E</sourcePk>
<identifying>false</identifying>
<optionalSource>true</optionalSource>
<optionalTarget>false</optionalTarget>
<sourceCardinality>1</sourceCardinality>
<sourceEntity>14170BD9-9DDC-C4CA-C55A-DA9295D64CD5</sourceEntity>
<targetCardinalityString>*</targetCardinalityString>
<targetEntity>B1D9A7BC-708E-F720-A489-C6BA6C8244CA</targetEntity>
<transferable>true</transferable>
<deleteRule>NO ACTION</deleteRule>
</Relation>