<?xml version = '1.0' encoding = 'UTF-8'?>
<Relation class="oracle.dbtools.crest.model.design.logical.Relation" name="FK_REGIAO_SISTEMA_PLANTIO" directorySegmentName="seg_0" id="D73CCEC5-D11A-8649-6645-A44C7B6F9E44">
<createdBy>eduar</createdBy>
<createdTime>2023-06-03 21:23:50 UTC</createdTime>
<ownerDesignName>1TDSPV_ModeloLogico_GS_AgroVida</ownerDesignName>
<engineerTo>
<item key="98D0595C-CA14-DE15-29E3-CD9DE2D163BF" value="true"/>
</engineerTo>
<sourcePk>AE978272-021B-4588-B411-C33D4D595F8F</sourcePk>
<identifying>false</identifying>
<optionalSource>true</optionalSource>
<optionalTarget>false</optionalTarget>
<sourceCardinality>1</sourceCardinality>
<sourceEntity>D8515412-AE5B-46E6-A977-FF9EE3A4D20C</sourceEntity>
<targetCardinalityString>*</targetCardinalityString>
<targetEntity>087289BC-7AB0-11ED-4E8B-33AA732B2CED</targetEntity>
<transferable>true</transferable>
<deleteRule>NO ACTION</deleteRule>
</Relation>