<?xml version = '1.0' encoding = 'UTF-8'?>
<relationalModel class="oracle.dbtools.crest.model.design.relational.RelationalDesign" name="Relational_1" id="98D0595C-CA14-DE15-29E3-CD9DE2D163BF" mainViewID="140C53D2-0E49-3754-AAE6-CDDAF7D2C93E">
<createdBy>pecas.cup</createdBy>
<createdTime>2023-05-30 14:27:10 UTC</createdTime>
<ownerDesignName>vitor_globalsolution</ownerDesignName>
<shouldBeOpen>true</shouldBeOpen>
<selectedRDBMSSite>32076570-2523-435C-2E92-BF29817DFF70</selectedRDBMSSite>
</relationalModel>