<?xml version = '1.0' encoding = 'UTF-8'?>
<Table class="oracle.dbtools.crest.model.design.relational.Table" directorySegmentName="seg_0" id="A7183FE3-A375-947B-2A4E-002ABF34BD5E" name="T_AGV_ESTACAO_ANO">
<createdBy>pecas.cup</createdBy>
<createdTime>2023-06-04 21:57:26 UTC</createdTime>
<generatorID>55F5217A-4C9A-8F14-2BD9-AE105461D9F8</generatorID>
<ownerDesignName>1TDSPV_ModeloLogico_GS_AgroVida</ownerDesignName>
<allowColumnReorder>false</allowColumnReorder>
<existDependencyGenerateInDDl>true</existDependencyGenerateInDDl>
<parsed>true</parsed>
<columns itemClass="oracle.dbtools.crest.model.design.relational.Column">
<Column name="ID_ESTACAO_ANO" id="4BD78A09-1D51-C3DF-1DC2-78488F82C83F">
<createdBy>pecas.cup</createdBy>
<createdTime>2023-06-04 21:57:26 UTC</createdTime>
<comment><![CDATA[Esse atributo receberá informações sobre o id da estação do ano.
Será chave primária]]></comment>
<commentInRDBMS><![CDATA[Esse atributo receberá informações sobre o id da estação do ano.
Será chave primária]]></commentInRDBMS>
<generatorID>B3D48CDB-65D4-C9A1-B844-81AA59DAF22C</generatorID>
<ownerDesignName>1TDSPV_ModeloLogico_GS_AgroVida</ownerDesignName>
<useDomainConstraints>false</useDomainConstraints>
<use>1</use>
<logicalDatatype>LOGDT019</logicalDatatype>
<dataTypePrecision>10</dataTypePrecision>
<ownDataTypeParameters>,10,</ownDataTypeParameters>
<autoIncrementCycle>false</autoIncrementCycle>
</Column>
<Column name="NM_ESTACAO_ANO" id="8922006B-C66F-AF72-81D2-B1F3E1320649">
<createdBy>pecas.cup</createdBy>
<createdTime>2023-06-04 21:57:26 UTC</createdTime>
<comment><![CDATA[Esse atributo recebe o nome da estação.]]></comment>
<commentInRDBMS><![CDATA[Esse atributo recebe o nome da estação.]]></commentInRDBMS>
<generatorID>76950856-4096-49B0-75F1-89BD862C1973</generatorID>
<ownerDesignName>1TDSPV_ModeloLogico_GS_AgroVida</ownerDesignName>
<useDomainConstraints>false</useDomainConstraints>
<use>1</use>
<logicalDatatype>LOGDT019</logicalDatatype>
<dataTypePrecision>10</dataTypePrecision>
<listOfValues>
<valueDef value="INVERNO" description=""/>
<valueDef value="OUTONO" description=""/>
<valueDef value="PRIMAVERA" description=""/>
<valueDef value="VERAO" description=""/>
</listOfValues>
<ownDataTypeParameters>,10,</ownDataTypeParameters>
<autoIncrementCycle>false</autoIncrementCycle>
</Column>
<Column name="CLIMA_ESTACAO_ANO" id="010FE3D8-3CC0-79AC-799C-05A13BBDDE34">
<createdBy>pecas.cup</createdBy>
<createdTime>2023-06-04 21:57:26 UTC</createdTime>
<comment><![CDATA[Esse atributo recebe o clima da estação do ano. Esse atributo é obrigatório]]></comment>
<commentInRDBMS><![CDATA[Esse atributo recebe o clima da estação do ano. Esse atributo é obrigatório]]></commentInRDBMS>
<generatorID>6547FF01-5AEC-FB34-3D69-156222B5BAAB</generatorID>
<ownerDesignName>1TDSPV_ModeloLogico_GS_AgroVida</ownerDesignName>
<useDomainConstraints>false</useDomainConstraints>
<use>1</use>
<logicalDatatype>LOGDT024</logicalDatatype>
<dataTypeSize>50</dataTypeSize>
<ownDataTypeParameters>50,,</ownDataTypeParameters>
<autoIncrementCycle>false</autoIncrementCycle>
</Column>
<Column name="TEMP_MEDIA" id="AE96B253-488F-9CED-FCE3-B0CA5A6E42E1">
<createdBy>pecas.cup</createdBy>
<createdTime>2023-06-04 21:57:26 UTC</createdTime>
<comment><![CDATA[Esse atributo recebe o valor da temperatura média da estação do ano. Esse atributo é obrigatório.]]></comment>
<commentInRDBMS><![CDATA[Esse atributo recebe o valor da temperatura média da estação do ano. Esse atributo é obrigatório.]]></commentInRDBMS>
<generatorID>8FE816DE-4512-ED86-A3DB-02E5CA244BAE</generatorID>
<ownerDesignName>1TDSPV_ModeloLogico_GS_AgroVida</ownerDesignName>
<useDomainConstraints>false</useDomainConstraints>
<use>1</use>
<logicalDatatype>LOGDT019</logicalDatatype>
<dataTypePrecision>3</dataTypePrecision>
<ownDataTypeParameters>,3,</ownDataTypeParameters>
<autoIncrementCycle>false</autoIncrementCycle>
</Column>
<Column name="PRECIPITACAO_MEDIA_ESTACAO_ANO" id="1119BADF-9E80-F443-7B97-03EDAD9C5A59">
<createdBy>pecas.cup</createdBy>
<createdTime>2023-06-04 21:57:26 UTC</createdTime>
<comment><![CDATA[Esse atributo recebe a precipitação média da estação do ano. Esse atributo é obrigatório.]]></comment>
<commentInRDBMS><![CDATA[Esse atributo recebe a precipitação média da estação do ano. Esse atributo é obrigatório.]]></commentInRDBMS>
<generatorID>0D9450D8-0914-115B-B634-79F8C780759F</generatorID>
<ownerDesignName>1TDSPV_ModeloLogico_GS_AgroVida</ownerDesignName>
<useDomainConstraints>false</useDomainConstraints>
<use>1</use>
<logicalDatatype>LOGDT019</logicalDatatype>
<dataTypePrecision>5</dataTypePrecision>
<dataTypeScale>2</dataTypeScale>
<ownDataTypeParameters>,5,2</ownDataTypeParameters>
<autoIncrementCycle>false</autoIncrementCycle>
</Column>
<Column name="UMIDADE_MEDIA_ESTACAO_ANO" id="03AA5EF3-ECD7-9535-1C24-3C3AFC24ADB3">
<createdBy>pecas.cup</createdBy>
<createdTime>2023-06-04 21:57:26 UTC</createdTime>
<comment><![CDATA[Este atributo recebe a umidade média da estação do ano. Esse atributo é obrigatório.]]></comment>
<commentInRDBMS><![CDATA[Este atributo recebe a umidade média da estação do ano. Esse atributo é obrigatório.]]></commentInRDBMS>
<generatorID>5AF708EE-2946-8713-58E1-A7B045A0FB95</generatorID>
<ownerDesignName>1TDSPV_ModeloLogico_GS_AgroVida</ownerDesignName>
<useDomainConstraints>false</useDomainConstraints>
<use>1</use>
<logicalDatatype>LOGDT019</logicalDatatype>
<dataTypePrecision>5</dataTypePrecision>
<dataTypeScale>2</dataTypeScale>
<ownDataTypeParameters>,5,2</ownDataTypeParameters>
<autoIncrementCycle>false</autoIncrementCycle>
</Column>
<Column name="INC_SOLAR_MEDIA_ESTACAO_ANO" id="8CF70146-851B-2DE3-7C61-3EC68164F3FD">
<createdBy>pecas.cup</createdBy>
<createdTime>2023-06-04 21:57:26 UTC</createdTime>
<comment><![CDATA[Esse atributo recebe a incidência solar media da estação do ano. Esse atributo é obrigatório.]]></comment>
<commentInRDBMS><![CDATA[Esse atributo recebe a incidência solar media da estação do ano. Esse atributo é obrigatório.]]></commentInRDBMS>
<generatorID>BECE0BB8-D976-F947-B940-BD64A1F810AB</generatorID>
<ownerDesignName>1TDSPV_ModeloLogico_GS_AgroVida</ownerDesignName>
<useDomainConstraints>false</useDomainConstraints>
<use>1</use>
<logicalDatatype>LOGDT019</logicalDatatype>
<dataTypePrecision>5</dataTypePrecision>
<dataTypeScale>2</dataTypeScale>
<ownDataTypeParameters>,5,2</ownDataTypeParameters>
<autoIncrementCycle>false</autoIncrementCycle>
</Column>
<Column name="DT_INICIO" id="EFE5CC36-55DE-BCCB-CEB2-4C10F74514B4">
<createdBy>pecas.cup</createdBy>
<createdTime>2023-06-04 21:57:26 UTC</createdTime>
<comment><![CDATA[Esse atributo recebe a data de inicio da tabela. Esse atributo é obrigatório.]]></comment>
<commentInRDBMS><![CDATA[Esse atributo recebe a data de inicio da tabela. Esse atributo é obrigatório.]]></commentInRDBMS>
<generatorID>1CDE878B-11AE-960C-D1E8-1C486DFEACCE</generatorID>
<ownerDesignName>1TDSPV_ModeloLogico_GS_AgroVida</ownerDesignName>
<useDomainConstraints>false</useDomainConstraints>
<use>1</use>
<logicalDatatype>LOGDT007</logicalDatatype>
<ownDataTypeParameters>,,</ownDataTypeParameters>
<autoIncrementCycle>false</autoIncrementCycle>
</Column>
<Column name="DT_FIM" id="5190186D-A9D1-61F0-9F81-7AE6EF9845DD">
<createdBy>pecas.cup</createdBy>
<createdTime>2023-06-04 21:57:26 UTC</createdTime>
<comment><![CDATA[Esse atributo recebe a data que a tabela foi finalizada. Esse atributo não é obrigatório.]]></comment>
<commentInRDBMS><![CDATA[Esse atributo recebe a data que a tabela foi finalizada. Esse atributo não é obrigatório.]]></commentInRDBMS>
<generatorID>919E27B8-A708-D517-5622-ABBE64380B6D</generatorID>
<ownerDesignName>1TDSPV_ModeloLogico_GS_AgroVida</ownerDesignName>
<nullsAllowed>true</nullsAllowed>
<useDomainConstraints>false</useDomainConstraints>
<use>1</use>
<logicalDatatype>LOGDT007</logicalDatatype>
<ownDataTypeParameters>,,</ownDataTypeParameters>
<autoIncrementCycle>false</autoIncrementCycle>
</Column>
<Column name="NM_USUARIO" id="1D54230A-B440-0C75-5065-9DF380D6F050">
<createdBy>pecas.cup</createdBy>
<createdTime>2023-06-04 21:57:26 UTC</createdTime>
<comment><![CDATA[Esse atributo receberá o nome do usuário que realizará alterações na tabela. Esse atributo é obrigatório.]]></comment>
<commentInRDBMS><![CDATA[Esse atributo receberá o nome do usuário que realizará alterações na tabela. Esse atributo é obrigatório.]]></commentInRDBMS>
<generatorID>6C1E3779-6D71-B47C-AD64-D197DB3AFBFB</generatorID>
<ownerDesignName>1TDSPV_ModeloLogico_GS_AgroVida</ownerDesignName>
<useDomainConstraints>false</useDomainConstraints>
<use>1</use>
<logicalDatatype>LOGDT024</logicalDatatype>
<dataTypeSize>100</dataTypeSize>
<ownDataTypeParameters>100,,</ownDataTypeParameters>
<autoIncrementCycle>false</autoIncrementCycle>
</Column>
</columns>
<indexes itemClass="oracle.dbtools.crest.model.design.relational.Index">
<ind_PK_UK id="5ACB2514-86D3-1E09-8871-23CD42BC21EF" name="T_AGV_ESTACAO_ANO_PK">
<createdBy>pecas.cup</createdBy>
<createdTime>2023-06-04 21:57:26 UTC</createdTime>
<generatorID>A8E4D958-06AA-E6D4-2363-CFFF45014C91</generatorID>
<ownerDesignName>1TDSPV_ModeloLogico_GS_AgroVida</ownerDesignName>
<pk>true</pk>
<indexState>Primary Constraint</indexState>
<isSurrogateKey>false</isSurrogateKey>
<indexColumnUsage>
<colUsage columnID="4BD78A09-1D51-C3DF-1DC2-78488F82C83F"/>
</indexColumnUsage>
</ind_PK_UK>
</indexes>
</Table>