<?xml version = '1.0' encoding = 'UTF-8'?>
<Table class="oracle.dbtools.crest.model.design.relational.Table" directorySegmentName="seg_0" id="A9D56F4D-413F-E5C5-0BF6-5A50B08935D3" name="T_AGV_SISTEMA_PLANTIO">
<createdBy>pecas.cup</createdBy>
<createdTime>2023-06-04 21:57:26 UTC</createdTime>
<generatorID>087289BC-7AB0-11ED-4E8B-33AA732B2CED</generatorID>
<ownerDesignName>1TDSPV_ModeloLogico_GS_AgroVida</ownerDesignName>
<allowColumnReorder>false</allowColumnReorder>
<existDependencyGenerateInDDl>true</existDependencyGenerateInDDl>
<parsed>true</parsed>
<columns itemClass="oracle.dbtools.crest.model.design.relational.Column">
<Column name="ID_SISTEMA_PLANTIO" id="815824E7-4E37-796C-EF14-5FA52A9D19BD">
<createdBy>pecas.cup</createdBy>
<createdTime>2023-06-04 21:57:26 UTC</createdTime>
<comment><![CDATA[Esse atributo recebe o ID do sistema de plantio, que será gerado no cadastro do sistema de plantio. Esse atributo é chave primária.]]></comment>
<commentInRDBMS><![CDATA[Esse atributo recebe o ID do sistema de plantio, que será gerado no cadastro do sistema de plantio. Esse atributo é chave primária.]]></commentInRDBMS>
<generatorID>D8A15486-B3C2-E6FB-CDD1-F8278C6274C3</generatorID>
<ownerDesignName>1TDSPV_ModeloLogico_GS_AgroVida</ownerDesignName>
<useDomainConstraints>false</useDomainConstraints>
<use>1</use>
<logicalDatatype>LOGDT019</logicalDatatype>
<dataTypePrecision>5</dataTypePrecision>
<ownDataTypeParameters>,5,</ownDataTypeParameters>
<autoIncrementCycle>false</autoIncrementCycle>
</Column>
<Column name="ID_REGIAO" id="1AAD0E0C-BA16-EF31-604B-A824C59F7296">
<createdBy>pecas.cup</createdBy>
<createdTime>2023-06-04 21:57:26 UTC</createdTime>
<comment><![CDATA[Esse atributo recebe o ID da região que será gerado no cadastro da região. Esse atributo é chave primária.
]]></comment>
<generatorID>9DFE3125-0967-CD3C-F766-808B5C5E6A74</generatorID>
<ownerDesignName>1TDSPV_ModeloLogico_GS_AgroVida</ownerDesignName>
<useDomainConstraints>false</useDomainConstraints>
<use>1</use>
<logicalDatatype>LOGDT019</logicalDatatype>
<dataTypePrecision>5</dataTypePrecision>
<ownDataTypeParameters>,5,</ownDataTypeParameters>
<previousColumn>false</previousColumn>
<autoIncrementCycle>false</autoIncrementCycle>
<associations>
<colAssociation fkAssociation="8AD3BA2B-3F1B-16D3-7699-14A5F51E9BC4" referredColumn="7A336323-817A-AEC4-9A81-C6CC7550627F"/>
</associations>
</Column>
<Column name="NM_SISTEMA_PLANTIO" id="7E796594-E2E2-1B45-7FE5-99F5578637FF">
<createdBy>pecas.cup</createdBy>
<createdTime>2023-06-04 21:57:26 UTC</createdTime>
<comment><![CDATA[Esse atributo recebe o nome do sistema de plantio. Esse atributo é obrigatório.]]></comment>
<commentInRDBMS><![CDATA[Esse atributo recebe o nome do sistema de plantio. Esse atributo é obrigatório.]]></commentInRDBMS>
<generatorID>8DE5E001-AFAF-6F1E-C9FD-464C264A5291</generatorID>
<ownerDesignName>1TDSPV_ModeloLogico_GS_AgroVida</ownerDesignName>
<useDomainConstraints>false</useDomainConstraints>
<use>1</use>
<logicalDatatype>LOGDT024</logicalDatatype>
<dataTypeSize>100</dataTypeSize>
<ownDataTypeParameters>100,,</ownDataTypeParameters>
<autoIncrementCycle>false</autoIncrementCycle>
</Column>
<Column name="AREA_SISTEMA_PLANTIO" id="16141300-8FBB-F3C0-57E0-EB88579F81B6">
<createdBy>pecas.cup</createdBy>
<createdTime>2023-06-04 21:57:26 UTC</createdTime>
<comment><![CDATA[Esse atirbuto recebe a área do sistema de plantio. Esse atributo é obrigatório.]]></comment>
<commentInRDBMS><![CDATA[Esse atirbuto recebe a área do sistema de plantio. Esse atributo é obrigatório.]]></commentInRDBMS>
<generatorID>A6741854-E9E0-BF94-D0B9-4FC899146DC3</generatorID>
<ownerDesignName>1TDSPV_ModeloLogico_GS_AgroVida</ownerDesignName>
<useDomainConstraints>false</useDomainConstraints>
<use>1</use>
<logicalDatatype>LOGDT019</logicalDatatype>
<dataTypePrecision>5</dataTypePrecision>
<dataTypeScale>2</dataTypeScale>
<ownDataTypeParameters>,5,2</ownDataTypeParameters>
<autoIncrementCycle>false</autoIncrementCycle>
</Column>
<Column name="DT_INICIO" id="29E427ED-356C-767F-D9D4-22ECEF1911A6">
<createdBy>pecas.cup</createdBy>
<createdTime>2023-06-04 21:57:26 UTC</createdTime>
<comment><![CDATA[Esse atributo recebe a data de inicio da tabela. Esse atributo é obrigatório.]]></comment>
<commentInRDBMS><![CDATA[Esse atributo recebe a data de inicio da tabela. Esse atributo é obrigatório.]]></commentInRDBMS>
<generatorID>7765B540-C39E-466C-18A2-53718DCC5527</generatorID>
<ownerDesignName>1TDSPV_ModeloLogico_GS_AgroVida</ownerDesignName>
<useDomainConstraints>false</useDomainConstraints>
<use>1</use>
<logicalDatatype>LOGDT007</logicalDatatype>
<ownDataTypeParameters>,,</ownDataTypeParameters>
<autoIncrementCycle>false</autoIncrementCycle>
</Column>
<Column name="DT_FIM" id="08587513-8728-8861-1A81-77EB68E49869">
<createdBy>pecas.cup</createdBy>
<createdTime>2023-06-04 21:57:26 UTC</createdTime>
<comment><![CDATA[Esse atributo recebe a data que a tabela foi finalizada. Esse atributo não é obrigatório.]]></comment>
<commentInRDBMS><![CDATA[Esse atributo recebe a data que a tabela foi finalizada. Esse atributo não é obrigatório.]]></commentInRDBMS>
<generatorID>CE92EFFD-1997-858F-BE53-FC8BF5E0A0F9</generatorID>
<ownerDesignName>1TDSPV_ModeloLogico_GS_AgroVida</ownerDesignName>
<useDomainConstraints>false</useDomainConstraints>
<use>1</use>
<logicalDatatype>LOGDT007</logicalDatatype>
<ownDataTypeParameters>,,</ownDataTypeParameters>
<autoIncrementCycle>false</autoIncrementCycle>
</Column>
<Column name="NM_USUARIO" id="57210ACE-1056-0DFC-2FDB-F0192FDE0C57">
<createdBy>pecas.cup</createdBy>
<createdTime>2023-06-04 21:57:26 UTC</createdTime>
<comment><![CDATA[Esse atributo recebe o nome do usuário que irá fazer alteração na tabela. Esse atributo é obrigatório.]]></comment>
<commentInRDBMS><![CDATA[Esse atributo recebe o nome do usuário que irá fazer alteração na tabela. Esse atributo é obrigatório.]]></commentInRDBMS>
<generatorID>E230826F-978E-6B8B-8DC3-B7D74B310C83</generatorID>
<ownerDesignName>1TDSPV_ModeloLogico_GS_AgroVida</ownerDesignName>
<useDomainConstraints>false</useDomainConstraints>
<use>1</use>
<logicalDatatype>LOGDT024</logicalDatatype>
<dataTypeSize>100</dataTypeSize>
<ownDataTypeParameters>100,,</ownDataTypeParameters>
<autoIncrementCycle>false</autoIncrementCycle>
</Column>
</columns>
<indexes itemClass="oracle.dbtools.crest.model.design.relational.Index">
<ind_PK_UK id="EDAD83CE-027F-31B1-2C59-29D3E775F14D" name="T_AGV_SISTEMA_PLANTIO_PK">
<createdBy>pecas.cup</createdBy>
<createdTime>2023-06-04 21:57:26 UTC</createdTime>
<generatorID>ADFE6213-6DDC-66DD-5CC8-FF7BDBDA609E</generatorID>
<ownerDesignName>1TDSPV_ModeloLogico_GS_AgroVida</ownerDesignName>
<pk>true</pk>
<indexState>Primary Constraint</indexState>
<isSurrogateKey>false</isSurrogateKey>
<indexColumnUsage>
<colUsage columnID="815824E7-4E37-796C-EF14-5FA52A9D19BD"/>
</indexColumnUsage>
</ind_PK_UK>
<ind_PK_UK id="152AA0CD-74E5-4D85-62FB-A9CEA65EBA8A" name="FK_REGIAO_SISTEMA_PLANTIO">
<createdBy>pecas.cup</createdBy>
<createdTime>2023-06-04 21:57:26 UTC</createdTime>
<generatorID>D73CCEC5-D11A-8649-6645-A44C7B6F9E44</generatorID>
<ownerDesignName>1TDSPV_ModeloLogico_GS_AgroVida</ownerDesignName>
<indexState>Foreign Key</indexState>
<isSurrogateKey>false</isSurrogateKey>
<indexColumnUsage>
<colUsage columnID="1AAD0E0C-BA16-EF31-604B-A824C59F7296"/>
</indexColumnUsage>
</ind_PK_UK>
</indexes>
</Table>