<?xml version = '1.0' encoding = 'UTF-8'?>
<Table class="oracle.dbtools.crest.model.design.relational.Table" directorySegmentName="seg_0" id="ADBCE46C-E42A-F823-5A9E-45E54EFF1BED" name="T_AGV_TP_ADUBO">
<createdBy>pecas.cup</createdBy>
<createdTime>2023-06-04 21:57:26 UTC</createdTime>
<generatorID>B0CBEAB6-3637-DEDE-F8F5-9F503B36DE25</generatorID>
<ownerDesignName>1TDSPV_ModeloLogico_GS_AgroVida</ownerDesignName>
<allowColumnReorder>false</allowColumnReorder>
<existDependencyGenerateInDDl>true</existDependencyGenerateInDDl>
<parsed>true</parsed>
<columns itemClass="oracle.dbtools.crest.model.design.relational.Column">
<Column name="ID_TP_ADUBO" id="B6CC90DE-35C1-38E4-5E19-D1F434A1B428">
<createdBy>pecas.cup</createdBy>
<createdTime>2023-06-04 21:57:26 UTC</createdTime>
<comment><![CDATA[Esse atributo recebe o ID do tipo do adubo, que será gerado no cadastro do tipo do adubo. Esse atributo é chave primária]]></comment>
<commentInRDBMS><![CDATA[Esse atributo recebe o ID do tipo do adubo, que será gerado no cadastro do tipo do adubo. Esse atributo é chave primária]]></commentInRDBMS>
<generatorID>D02EDD20-00AF-021B-AEC7-7B71A73F2DE0</generatorID>
<ownerDesignName>1TDSPV_ModeloLogico_GS_AgroVida</ownerDesignName>
<useDomainConstraints>false</useDomainConstraints>
<use>1</use>
<logicalDatatype>LOGDT019</logicalDatatype>
<dataTypePrecision>5</dataTypePrecision>
<ownDataTypeParameters>,5,</ownDataTypeParameters>
<autoIncrementCycle>false</autoIncrementCycle>
</Column>
<Column name="NM_TP_ADUBO" id="2C05142F-1F5D-7427-0BB4-8B1FB2E27696">
<createdBy>pecas.cup</createdBy>
<createdTime>2023-06-04 21:57:26 UTC</createdTime>
<comment><![CDATA[Esse atributo recebe o nome do tipo do adubo. Esse atributo é obrigatório]]></comment>
<commentInRDBMS><![CDATA[Esse atributo recebe o nome do tipo do adubo. Esse atributo é obrigatório]]></commentInRDBMS>
<generatorID>C9AF05F7-CED8-3784-53EF-B7CB27D81467</generatorID>
<ownerDesignName>1TDSPV_ModeloLogico_GS_AgroVida</ownerDesignName>
<useDomainConstraints>false</useDomainConstraints>
<use>1</use>
<logicalDatatype>LOGDT024</logicalDatatype>
<dataTypeSize>150</dataTypeSize>
<ownDataTypeParameters>150,,</ownDataTypeParameters>
<autoIncrementCycle>false</autoIncrementCycle>
</Column>
<Column name="DT_INICIO" id="43283ED9-0C5E-E87D-F727-BBBA9BB732A6">
<createdBy>pecas.cup</createdBy>
<createdTime>2023-06-04 21:57:26 UTC</createdTime>
<comment><![CDATA[Esse atributo recebe a data de inicio da tabela. Esse atributo é obrigatório.]]></comment>
<commentInRDBMS><![CDATA[Esse atributo recebe a data de inicio da tabela. Esse atributo é obrigatório.]]></commentInRDBMS>
<generatorID>A35EC418-B082-E64D-83AB-522012C6A46F</generatorID>
<ownerDesignName>1TDSPV_ModeloLogico_GS_AgroVida</ownerDesignName>
<useDomainConstraints>false</useDomainConstraints>
<use>1</use>
<logicalDatatype>LOGDT007</logicalDatatype>
<ownDataTypeParameters>,,</ownDataTypeParameters>
<autoIncrementCycle>false</autoIncrementCycle>
</Column>
<Column name="DT_FIM" id="AF76E273-BF50-A796-D084-7D43830F9CFB">
<createdBy>pecas.cup</createdBy>
<createdTime>2023-06-04 21:57:26 UTC</createdTime>
<comment><![CDATA[Esse atributo recebe a data que a  tabela foi finalizada. Esse atributo não é obrigatório.]]></comment>
<generatorID>CEE85EBD-853E-6B07-767E-D1EF7AD61BDA</generatorID>
<ownerDesignName>1TDSPV_ModeloLogico_GS_AgroVida</ownerDesignName>
<nullsAllowed>true</nullsAllowed>
<useDomainConstraints>false</useDomainConstraints>
<use>1</use>
<logicalDatatype>LOGDT007</logicalDatatype>
<ownDataTypeParameters>,,</ownDataTypeParameters>
<autoIncrementCycle>false</autoIncrementCycle>
</Column>
<Column name="NM_USUARIO" id="2065A715-86C7-BA8E-2B9B-04D1C58D2BE2">
<createdBy>pecas.cup</createdBy>
<createdTime>2023-06-04 21:57:26 UTC</createdTime>
<comment><![CDATA[Esse atributo receberá o nome do usuário que realizará alterações na tabela. Esse atributo é obrigatório.]]></comment>
<commentInRDBMS><![CDATA[Esse atributo receberá o nome do usuário que realizará alterações na tabela. Esse atributo é obrigatório.]]></commentInRDBMS>
<generatorID>BCBE8840-1B59-6504-A27B-E4BD89F930AE</generatorID>
<ownerDesignName>1TDSPV_ModeloLogico_GS_AgroVida</ownerDesignName>
<useDomainConstraints>false</useDomainConstraints>
<use>1</use>
<logicalDatatype>LOGDT024</logicalDatatype>
<dataTypeSize>100</dataTypeSize>
<ownDataTypeParameters>100,,</ownDataTypeParameters>
<autoIncrementCycle>false</autoIncrementCycle>
</Column>
</columns>
<indexes itemClass="oracle.dbtools.crest.model.design.relational.Index">
<ind_PK_UK id="3BABB777-9F63-F040-3EED-411EB36C6C76" name="T_AGV_TP_ADUBO_PK">
<createdBy>pecas.cup</createdBy>
<createdTime>2023-06-04 21:57:26 UTC</createdTime>
<generatorID>7804525B-D4F8-8E64-5DF1-21E390EC55F2</generatorID>
<ownerDesignName>1TDSPV_ModeloLogico_GS_AgroVida</ownerDesignName>
<pk>true</pk>
<indexState>Primary Constraint</indexState>
<isSurrogateKey>false</isSurrogateKey>
<indexColumnUsage>
<colUsage columnID="B6CC90DE-35C1-38E4-5E19-D1F434A1B428"/>
</indexColumnUsage>
</ind_PK_UK>
</indexes>
</Table>