<?xml version = '1.0' encoding = 'UTF-8'?>
<Table class="oracle.dbtools.crest.model.design.relational.Table" directorySegmentName="seg_0" id="D23E0155-6E32-B5FA-69C8-BDD34B1B20CB" name="T_AGV_FRUTA_TECNICA">
<createdBy>pecas.cup</createdBy>
<createdTime>2023-06-04 21:57:26 UTC</createdTime>
<generatorID>D6153EF0-8ABC-5388-41A0-23660DE5530B</generatorID>
<ownerDesignName>1TDSPV_ModeloLogico_GS_AgroVida</ownerDesignName>
<allowColumnReorder>false</allowColumnReorder>
<existDependencyGenerateInDDl>true</existDependencyGenerateInDDl>
<parsed>true</parsed>
<columns itemClass="oracle.dbtools.crest.model.design.relational.Column">
<Column name="ID_FRUTA_TECNICA" id="B9369159-6585-E7E4-363D-6542435F8C6B">
<createdBy>pecas.cup</createdBy>
<createdTime>2023-06-04 21:57:26 UTC</createdTime>
<comment><![CDATA[Esse atributo terá como conteúdo, informações do ID da tabela FRUTA_TECNICA]]></comment>
<commentInRDBMS><![CDATA[Esse atributo terá como conteúdo, informações do ID da tabela FRUTA_TECNICA]]></commentInRDBMS>
<generatorID>DAF46E65-16E3-2C76-E41D-5DEC2D8D319A</generatorID>
<ownerDesignName>1TDSPV_ModeloLogico_GS_AgroVida</ownerDesignName>
<useDomainConstraints>false</useDomainConstraints>
<use>1</use>
<logicalDatatype>LOGDT019</logicalDatatype>
<dataTypePrecision>10</dataTypePrecision>
<ownDataTypeParameters>,10,</ownDataTypeParameters>
<autoIncrementCycle>false</autoIncrementCycle>
</Column>
<Column name="ID_FRUTA" id="5293E54B-2CF3-F62C-C431-A1C848113F85">
<createdBy>pecas.cup</createdBy>
<createdTime>2023-06-04 21:57:26 UTC</createdTime>
<comment><![CDATA[Esse atributo recebe o ID da fruta, que será gerado no cadastro da fruta. Esse atributo é chave primária]]></comment>
<generatorID>CCC78A75-574B-8298-0059-E919B5FDDD85</generatorID>
<ownerDesignName>1TDSPV_ModeloLogico_GS_AgroVida</ownerDesignName>
<useDomainConstraints>false</useDomainConstraints>
<use>1</use>
<logicalDatatype>LOGDT019</logicalDatatype>
<dataTypePrecision>5</dataTypePrecision>
<ownDataTypeParameters>,5,</ownDataTypeParameters>
<previousColumn>false</previousColumn>
<autoIncrementCycle>false</autoIncrementCycle>
<associations>
<colAssociation fkAssociation="D7CD647A-61B0-D3D8-0CD4-0F94771CF6CD" referredColumn="9FF6F8CF-58D0-ACF2-574A-41866A1ECD80"/>
</associations>
</Column>
<Column name="ID_TECNICA_PLANTIO" id="BC77CA8C-97D6-E7F7-6B32-FE3EF400C9F6">
<createdBy>pecas.cup</createdBy>
<createdTime>2023-06-04 21:57:26 UTC</createdTime>
<comment><![CDATA[Esse atributo recebe o ID do tipo da técnica de plantio, que será gerado no cadastro da técnica de planio. Esse atributo é chave primária.]]></comment>
<generatorID>758D07C1-518A-1332-84EB-2DDFCD3BEC01</generatorID>
<ownerDesignName>1TDSPV_ModeloLogico_GS_AgroVida</ownerDesignName>
<useDomainConstraints>false</useDomainConstraints>
<use>1</use>
<logicalDatatype>LOGDT019</logicalDatatype>
<dataTypePrecision>5</dataTypePrecision>
<ownDataTypeParameters>,5,</ownDataTypeParameters>
<previousColumn>false</previousColumn>
<autoIncrementCycle>false</autoIncrementCycle>
<associations>
<colAssociation fkAssociation="2BEB5379-E44B-3793-1253-6C5D8848316C" referredColumn="5C1093AB-161F-B434-ACD9-AA96BB81BB89"/>
</associations>
</Column>
</columns>
<indexes itemClass="oracle.dbtools.crest.model.design.relational.Index">
<ind_PK_UK id="CA628A27-F5E3-B1EB-7F87-A445B212B95A" name="T_AGV_FRUTA_TECNICA_PK">
<createdBy>pecas.cup</createdBy>
<createdTime>2023-06-04 21:57:26 UTC</createdTime>
<generatorID>05D71199-464A-F85F-AAFC-4B04DA8500CE</generatorID>
<ownerDesignName>1TDSPV_ModeloLogico_GS_AgroVida</ownerDesignName>
<pk>true</pk>
<indexState>Primary Constraint</indexState>
<isSurrogateKey>false</isSurrogateKey>
<indexColumnUsage>
<colUsage columnID="B9369159-6585-E7E4-363D-6542435F8C6B"/>
</indexColumnUsage>
</ind_PK_UK>
<ind_PK_UK id="7D51A75D-CE90-7B05-3F55-F9D796175F41" name="FK_FRUTA_FRUTATECNICA">
<createdBy>pecas.cup</createdBy>
<createdTime>2023-06-04 21:57:26 UTC</createdTime>
<generatorID>22B49E54-82E6-3AF2-7CFD-A53503F0CDB0</generatorID>
<ownerDesignName>1TDSPV_ModeloLogico_GS_AgroVida</ownerDesignName>
<indexState>Foreign Key</indexState>
<isSurrogateKey>false</isSurrogateKey>
<indexColumnUsage>
<colUsage columnID="5293E54B-2CF3-F62C-C431-A1C848113F85"/>
</indexColumnUsage>
</ind_PK_UK>
<ind_PK_UK id="54ACDD3A-5550-4A75-6C29-BE21B890A65A" name="FK_TECPLANTIO_FRUTATEC">
<createdBy>pecas.cup</createdBy>
<createdTime>2023-06-04 21:57:26 UTC</createdTime>
<generatorID>EAB96EF6-D582-2331-F9A1-EAA200F988B5</generatorID>
<ownerDesignName>1TDSPV_ModeloLogico_GS_AgroVida</ownerDesignName>
<indexState>Foreign Key</indexState>
<isSurrogateKey>false</isSurrogateKey>
<indexColumnUsage>
<colUsage columnID="BC77CA8C-97D6-E7F7-6B32-FE3EF400C9F6"/>
</indexColumnUsage>
</ind_PK_UK>
</indexes>
</Table>