<?xml version = '1.0' encoding = 'UTF-8'?>
<FKIndexAssociation class="oracle.dbtools.crest.model.design.relational.FKIndexAssociation" directorySegmentName="seg_0" id="5EF549A2-851B-7A8C-D440-858D605D4B2A" containerWithKeyObject="424516A6-686D-0ADC-0609-B489A3C1F08B" localFKIndex="AC1FE06F-6331-82A1-6E39-2866561AEE3D" name="FK_TEC_PLANTIO_TECSIST_PLANTIO">
<createdBy>pecas.cup</createdBy>
<createdTime>2023-06-04 21:57:26 UTC</createdTime>
<generatorID>BB587360-1457-B521-8ECB-2C15FA5B12C9</generatorID>
<ownerDesignName>1TDSPV_ModeloLogico_GS_AgroVida</ownerDesignName>
<referredTableLongName>T_AGV_TECNICA_PLANTIO</referredTableLongName>
<deleteRule>NO ACTION</deleteRule>
<referredTableID>40460464-109E-ECFD-38B1-6F107EBDA550</referredTableID>
<keyObject>0CC17757-504B-5E5A-2CD1-DA16C842634E</keyObject>
<referredKeyID>0CC17757-504B-5E5A-2CD1-DA16C842634E</referredKeyID>
<mandatory>true</mandatory>
<refColNames>ID_TECNICA_PLANTIO</refColNames>
<transferable>true</transferable>
<rely>false</rely>
<columnDependencyConstraintGenerateInDDL>true</columnDependencyConstraintGenerateInDDL>
</FKIndexAssociation>