<?xml version = '1.0' encoding = 'UTF-8'?>
<FKIndexAssociation class="oracle.dbtools.crest.model.design.relational.FKIndexAssociation" directorySegmentName="seg_0" id="77807269-0989-9615-FFF5-7DC58F52D97C" containerWithKeyObject="65B7E8A3-AB8D-8F38-DBEE-8DC4081DE394" localFKIndex="6CF9D63E-0AED-101B-9EAE-2CD549718470" name="FK_TECPLANTIO_TPASUBO_SISTPLANTIO">
<createdBy>pecas.cup</createdBy>
<createdTime>2023-06-04 21:57:26 UTC</createdTime>
<generatorID>40004DE2-0B00-C24E-A1C6-165B36743847</generatorID>
<ownerDesignName>1TDSPV_ModeloLogico_GS_AgroVida</ownerDesignName>
<referredTableLongName>T_AGV_TECNICA_PLANTIO</referredTableLongName>
<deleteRule>NO ACTION</deleteRule>
<referredTableID>40460464-109E-ECFD-38B1-6F107EBDA550</referredTableID>
<keyObject>0CC17757-504B-5E5A-2CD1-DA16C842634E</keyObject>
<referredKeyID>0CC17757-504B-5E5A-2CD1-DA16C842634E</referredKeyID>
<mandatory>true</mandatory>
<refColNames>ID_TECNICA_PLANTIO</refColNames>
<transferable>true</transferable>
<rely>false</rely>
<columnDependencyConstraintGenerateInDDL>true</columnDependencyConstraintGenerateInDDL>
</FKIndexAssociation>