<?xml version = '1.0' encoding = 'UTF-8'?>
<Entity class="oracle.dbtools.crest.model.design.logical.Entity" directorySegmentName="seg_0" id="776E6FBB-73F1-174A-40CD-12327FFA405D" name="T_AGV_TECNICA_SISTEMA_PLANTIO">
<createdBy>eduar</createdBy>
<createdTime>2023-06-03 21:26:23 UTC</createdTime>
<ownerDesignName>1TDSPV_ModeloLogico_GS_AgroVida</ownerDesignName>
<engineerTo>
<item key="98D0595C-CA14-DE15-29E3-CD9DE2D163BF" value="true"/>
</engineerTo>
<adequatelyNormalized>NO</adequatelyNormalized>
<expectedVolumes>0</expectedVolumes>
<fwdEngineeringStrategyName>Single Table</fwdEngineeringStrategyName>
<growthPercent>0</growthPercent>
<growthType>Year</growthType>
<maxVolumes>9999999</maxVolumes>
<minVolumes>0</minVolumes>
<normalForm>Third</normalForm>
<attributes itemClass="oracle.dbtools.crest.model.design.logical.Attribute">
<Attribute name="ID_TECNICA_SISTEMA_PLANTIO" id="B9BA5E37-73FD-DF44-FF06-4E45145B7799">
<createdBy>eduar</createdBy>
<createdTime>2023-06-03 21:29:13 UTC</createdTime>
<commentInRDBMS><![CDATA[Esse atributo terá como conteúdo a informação do ID da tabela TECNICA_SISTEMA_PLANTIO]]></commentInRDBMS>
<ownerDesignName>1TDSPV_ModeloLogico_GS_AgroVida</ownerDesignName>
<engineerTo>
<item key="98D0595C-CA14-DE15-29E3-CD9DE2D163BF" value="true"/>
</engineerTo>
<useDomainConstraints>false</useDomainConstraints>
<use>1</use>
<logicalDatatype>LOGDT019</logicalDatatype>
<dataTypePrecision>10</dataTypePrecision>
<ownDataTypeParameters>,10,</ownDataTypeParameters>
</Attribute>
<Attribute name="ID_SISTEMA_PLANTIO" id="CDBA9F01-C69F-76E7-C260-C75FE7F641D1">
<createdBy>eduar</createdBy>
<createdTime>2023-06-03 21:30:56 UTC</createdTime>
<comment><![CDATA[Esse atributo recebe o ID do sistema de plantio, que será gerado no cadastro do sistema de plantio. Esse atributo é chave primária.]]></comment>
<generatorID>C7A3C4A9-5577-1F4F-5626-2CE95BB381FC</generatorID>
<ownerDesignName>1TDSPV_ModeloLogico_GS_AgroVida</ownerDesignName>
<engineerTo>
<item key="98D0595C-CA14-DE15-29E3-CD9DE2D163BF" value="true"/>
</engineerTo>
<referedAttribute>D8A15486-B3C2-E6FB-CDD1-F8278C6274C3</referedAttribute>
<useDomainConstraints>false</useDomainConstraints>
<use>1</use>
<logicalDatatype>LOGDT019</logicalDatatype>
<dataTypePrecision>5</dataTypePrecision>
<ownDataTypeParameters>,5,</ownDataTypeParameters>
</Attribute>
<Attribute name="ID_TECNICA_PLANTIO" id="C54A9A07-A278-C3B4-E666-C4E2AFDD7869">
<createdBy>eduar</createdBy>
<createdTime>2023-06-03 21:31:37 UTC</createdTime>
<comment><![CDATA[Esse atributo recebe o ID do tipo da técnica de plantio, que será gerado no cadastro da técnica de planio. Esse atributo é chave primária.]]></comment>
<generatorID>BB587360-1457-B521-8ECB-2C15FA5B12C9</generatorID>
<ownerDesignName>1TDSPV_ModeloLogico_GS_AgroVida</ownerDesignName>
<engineerTo>
<item key="98D0595C-CA14-DE15-29E3-CD9DE2D163BF" value="true"/>
</engineerTo>
<referedAttribute>B7F9C51F-D24A-9099-1F32-7124B320EBC7</referedAttribute>
<useDomainConstraints>false</useDomainConstraints>
<use>1</use>
<logicalDatatype>LOGDT019</logicalDatatype>
<dataTypePrecision>5</dataTypePrecision>
<ownDataTypeParameters>,5,</ownDataTypeParameters>
</Attribute>
</attributes>
<identifiers itemClass="oracle.dbtools.crest.model.design.logical.CandidateKey">
<identifier id="E03E6DF4-E528-8F08-E6E8-F6C79A496E8B" name="T_AGV_TECNICA_SISTEMA_PLANTIO PK">
<createdBy>eduar</createdBy>
<createdTime>2023-06-03 21:29:25 UTC</createdTime>
<ownerDesignName>1TDSPV_ModeloLogico_GS_AgroVida</ownerDesignName>
<engineerTo>
<item key="98D0595C-CA14-DE15-29E3-CD9DE2D163BF" value="true"/>
</engineerTo>
<pk>true</pk>
<usedAttributes>
<attributeRef>B9BA5E37-73FD-DF44-FF06-4E45145B7799</attributeRef>
</usedAttributes>
</identifier>
</identifiers>
</Entity>