<?xml version = '1.0' encoding = 'UTF-8'?>
<Entity class="oracle.dbtools.crest.model.design.logical.Entity" directorySegmentName="seg_0" id="D7C7525B-7537-983C-4750-5A0F16215ADC" name="T_AGV_CLIENTE">
<createdBy>pecas.cup</createdBy>
<createdTime>2023-05-30 14:55:26 UTC</createdTime>
<ownerDesignName>1TDSPV_ModeloLogico_GS_AgroVida</ownerDesignName>
<engineerTo>
<item key="98D0595C-CA14-DE15-29E3-CD9DE2D163BF" value="true"/>
</engineerTo>
<adequatelyNormalized>NO</adequatelyNormalized>
<expectedVolumes>0</expectedVolumes>
<fwdEngineeringStrategyName>Single Table</fwdEngineeringStrategyName>
<growthPercent>0</growthPercent>
<growthType>Year</growthType>
<maxVolumes>9999999</maxVolumes>
<minVolumes>0</minVolumes>
<normalForm>Third</normalForm>
<attributes itemClass="oracle.dbtools.crest.model.design.logical.Attribute">
<Attribute name="ID_CLIENTE" id="A542A290-894D-A21A-B9D7-1F68F8916F4F">
<createdBy>pecas.cup</createdBy>
<createdTime>2023-05-30 14:55:49 UTC</createdTime>
<comment><![CDATA[Esse atributo recebe o ID do cliente, que será gerado no cadastro do cliente. Esse atributo é chave primária]]></comment>
<commentInRDBMS><![CDATA[Esse atributo recebe o ID do cliente, que será gerado no cadastro do cliente. Esse atributo é chave primária]]></commentInRDBMS>
<ownerDesignName>1TDSPV_ModeloLogico_GS_AgroVida</ownerDesignName>
<engineerTo>
<item key="98D0595C-CA14-DE15-29E3-CD9DE2D163BF" value="true"/>
</engineerTo>
<useDomainConstraints>false</useDomainConstraints>
<use>1</use>
<logicalDatatype>LOGDT019</logicalDatatype>
<dataTypePrecision>9</dataTypePrecision>
<ownDataTypeParameters>,9,</ownDataTypeParameters>
</Attribute>
<Attribute name="ID_TELEFONE" id="F30DCD1F-A963-E6A0-D44D-46926FE67BD4">
<createdBy>eduar</createdBy>
<createdTime>2023-06-03 21:35:29 UTC</createdTime>
<comment><![CDATA[Esse atributo recebe o ID do telefone, que será gerado no cadastro do cliente. Esse atributo é chave primária]]></comment>
<generatorID>34E6C962-B205-8734-58C4-507096D3C521</generatorID>
<ownerDesignName>1TDSPV_ModeloLogico_GS_AgroVida</ownerDesignName>
<engineerTo>
<item key="98D0595C-CA14-DE15-29E3-CD9DE2D163BF" value="true"/>
</engineerTo>
<referedAttribute>EE942E7B-244F-81A1-341A-3B878A6212D1</referedAttribute>
<useDomainConstraints>false</useDomainConstraints>
<use>1</use>
<logicalDatatype>LOGDT019</logicalDatatype>
<dataTypePrecision>9</dataTypePrecision>
<ownDataTypeParameters>,9,</ownDataTypeParameters>
</Attribute>
<Attribute name="ID_SISTEMA_PLANTIO" id="77C213A2-066F-7745-CB1C-185F5F013F0D">
<createdBy>eduar</createdBy>
<createdTime>2023-06-03 21:41:55 UTC</createdTime>
<comment><![CDATA[Esse atributo recebe o ID do sistema de plantio, que será gerado no cadastro do sistema de plantio. Esse atributo é chave primária.]]></comment>
<generatorID>8834D3DA-E189-8963-5418-61F28EA0086F</generatorID>
<ownerDesignName>1TDSPV_ModeloLogico_GS_AgroVida</ownerDesignName>
<engineerTo>
<item key="98D0595C-CA14-DE15-29E3-CD9DE2D163BF" value="true"/>
</engineerTo>
<referedAttribute>D8A15486-B3C2-E6FB-CDD1-F8278C6274C3</referedAttribute>
<useDomainConstraints>false</useDomainConstraints>
<use>1</use>
<logicalDatatype>LOGDT019</logicalDatatype>
<dataTypePrecision>5</dataTypePrecision>
<ownDataTypeParameters>,5,</ownDataTypeParameters>
</Attribute>
<Attribute name="NM_CLIENTE" id="D37B8564-2663-3EC4-7A61-C68C240B6B63">
<createdBy>pecas.cup</createdBy>
<createdTime>2023-05-30 17:35:31 UTC</createdTime>
<comment><![CDATA[Este atributo receberá o nome do cliente. Este atributo é obrigatório.]]></comment>
<commentInRDBMS><![CDATA[Este atributo receberá o nome do cliente. Este atributo é obrigatório.]]></commentInRDBMS>
<ownerDesignName>1TDSPV_ModeloLogico_GS_AgroVida</ownerDesignName>
<engineerTo>
<item key="98D0595C-CA14-DE15-29E3-CD9DE2D163BF" value="true"/>
</engineerTo>
<useDomainConstraints>false</useDomainConstraints>
<use>1</use>
<logicalDatatype>LOGDT024</logicalDatatype>
<dataTypeSize>150</dataTypeSize>
<ownDataTypeParameters>150,,</ownDataTypeParameters>
</Attribute>
<Attribute name="IDADE_CLIENTE" id="8FFC6EA5-BCD4-C7D4-354A-F3B63DB10F66">
<createdBy>pecas.cup</createdBy>
<createdTime>2023-05-30 17:53:13 UTC</createdTime>
<comment><![CDATA[Este atributo recebe a idade do usuário. Este atributo é obrigatório.]]></comment>
<commentInRDBMS><![CDATA[Este atributo recebe a idade do cliente. Este atributo é obrigatório.]]></commentInRDBMS>
<ownerDesignName>1TDSPV_ModeloLogico_GS_AgroVida</ownerDesignName>
<engineerTo>
<item key="98D0595C-CA14-DE15-29E3-CD9DE2D163BF" value="true"/>
</engineerTo>
<useDomainConstraints>false</useDomainConstraints>
<use>1</use>
<logicalDatatype>LOGDT019</logicalDatatype>
<dataTypePrecision>3</dataTypePrecision>
<ownDataTypeParameters>,3,</ownDataTypeParameters>
</Attribute>
<Attribute name="GENERO_CLIENTE" id="42F4EB9C-CB3F-E091-CFC5-AFC4C3F07F3F">
<createdBy>pecas.cup</createdBy>
<createdTime>2023-05-30 17:54:47 UTC</createdTime>
<comment><![CDATA[Este atributo recebe o gênero do usuário. Este atributo é obrigatório.]]></comment>
<commentInRDBMS><![CDATA[Este atributo recebe o gênero do cliente. Este atributo é obrigatório.]]></commentInRDBMS>
<ownerDesignName>1TDSPV_ModeloLogico_GS_AgroVida</ownerDesignName>
<engineerTo>
<item key="98D0595C-CA14-DE15-29E3-CD9DE2D163BF" value="true"/>
</engineerTo>
<useDomainConstraints>false</useDomainConstraints>
<use>1</use>
<logicalDatatype>LOGDT024</logicalDatatype>
<dataTypeSize>20</dataTypeSize>
<ownDataTypeParameters>20,,</ownDataTypeParameters>
</Attribute>
<Attribute name="DT_INICIO" id="0F23B578-37CC-9E01-798E-254938E6B43A">
<createdBy>pecas.cup</createdBy>
<createdTime>2023-05-31 12:20:49 UTC</createdTime>
<comment><![CDATA[Esse atributo recebe a data que a tabela foi iniciada. Esse atributo é obrigatório.]]></comment>
<commentInRDBMS><![CDATA[Esse atributo recebe a data que a tabela foi iniciada. Esse atributo é obrigatório.]]></commentInRDBMS>
<ownerDesignName>1TDSPV_ModeloLogico_GS_AgroVida</ownerDesignName>
<engineerTo>
<item key="98D0595C-CA14-DE15-29E3-CD9DE2D163BF" value="true"/>
</engineerTo>
<useDomainConstraints>false</useDomainConstraints>
<use>1</use>
<logicalDatatype>LOGDT007</logicalDatatype>
<ownDataTypeParameters>,,</ownDataTypeParameters>
</Attribute>
<Attribute name="DT_FIM" id="2F017BCD-4CEE-EBD0-9C03-F8FAA487F1E2">
<createdBy>pecas.cup</createdBy>
<createdTime>2023-05-31 13:14:48 UTC</createdTime>
<comment><![CDATA[Esse atributo recebe a data que a tabela foi finalizada. Esse atributo não é obrigatório.]]></comment>
<commentInRDBMS><![CDATA[Esse atributo recebe a data que a tabela foi finalizada. Esse atributo não é obrigatório.]]></commentInRDBMS>
<ownerDesignName>1TDSPV_ModeloLogico_GS_AgroVida</ownerDesignName>
<engineerTo>
<item key="98D0595C-CA14-DE15-29E3-CD9DE2D163BF" value="true"/>
</engineerTo>
<nullsAllowed>true</nullsAllowed>
<useDomainConstraints>false</useDomainConstraints>
<use>1</use>
<logicalDatatype>LOGDT007</logicalDatatype>
<ownDataTypeParameters>,,</ownDataTypeParameters>
</Attribute>
<Attribute name="NM_USUARIO" id="9828B558-1D3C-9E7A-1865-7C9F9BCE93C7">
<createdBy>pecas.cup</createdBy>
<createdTime>2023-05-31 14:16:11 UTC</createdTime>
<comment><![CDATA[Esse atributo receberá o nome do usuário que realizará alterações na tabela. Esse atributo é obrigatório.]]></comment>
<commentInRDBMS><![CDATA[Esse atributo receberá o nome do usuário que realizará alterações na tabela. Esse atributo é obrigatório.]]></commentInRDBMS>
<ownerDesignName>1TDSPV_ModeloLogico_GS_AgroVida</ownerDesignName>
<engineerTo>
<item key="98D0595C-CA14-DE15-29E3-CD9DE2D163BF" value="true"/>
</engineerTo>
<useDomainConstraints>false</useDomainConstraints>
<use>1</use>
<logicalDatatype>LOGDT024</logicalDatatype>
<dataTypeSize>100</dataTypeSize>
<ownDataTypeParameters>100,,</ownDataTypeParameters>
</Attribute>
</attributes>
<identifiers itemClass="oracle.dbtools.crest.model.design.logical.CandidateKey">
<identifier id="E1B75E30-ED33-ACC4-FA14-4410B1871783" name="T_AGV_USUARIO PK">
<createdBy>pecas.cup</createdBy>
<createdTime>2023-05-30 14:55:54 UTC</createdTime>
<ownerDesignName>1TDSPV_ModeloLogico_GS_AgroVida</ownerDesignName>
<engineerTo>
<item key="98D0595C-CA14-DE15-29E3-CD9DE2D163BF" value="true"/>
</engineerTo>
<pk>true</pk>
<usedAttributes>
<attributeRef>A542A290-894D-A21A-B9D7-1F68F8916F4F</attributeRef>
</usedAttributes>
</identifier>
</identifiers>
</Entity>