<?xml version = '1.0' encoding = 'UTF-8'?>
<Entity class="oracle.dbtools.crest.model.design.logical.Entity" directorySegmentName="seg_0" id="FD88CD92-FE89-5F13-66AD-E76830F04CCC" name="T_AGV_TELEFONE">
<createdBy>pecas.cup</createdBy>
<createdTime>2023-05-30 14:27:52 UTC</createdTime>
<ownerDesignName>1TDSPV_ModeloLogico_GS_AgroVida</ownerDesignName>
<engineerTo>
<item key="98D0595C-CA14-DE15-29E3-CD9DE2D163BF" value="true"/>
</engineerTo>
<adequatelyNormalized>NO</adequatelyNormalized>
<expectedVolumes>0</expectedVolumes>
<fwdEngineeringStrategyName>Single Table</fwdEngineeringStrategyName>
<growthPercent>0</growthPercent>
<growthType>Year</growthType>
<maxVolumes>9999999</maxVolumes>
<minVolumes>0</minVolumes>
<normalForm>Third</normalForm>
<attributes itemClass="oracle.dbtools.crest.model.design.logical.Attribute">
<Attribute name="ID_TELEFONE" id="EE942E7B-244F-81A1-341A-3B878A6212D1">
<createdBy>pecas.cup</createdBy>
<createdTime>2023-05-30 14:29:05 UTC</createdTime>
<comment><![CDATA[Esse atributo recebe o ID do telefone, que será gerado no cadastro do cliente. Esse atributo é chave primária]]></comment>
<commentInRDBMS><![CDATA[Esse atributo recebe o ID do telefone, que será gerado no cadastro do cliente. Esse atributo é chave primária]]></commentInRDBMS>
<ownerDesignName>1TDSPV_ModeloLogico_GS_AgroVida</ownerDesignName>
<engineerTo>
<item key="98D0595C-CA14-DE15-29E3-CD9DE2D163BF" value="true"/>
</engineerTo>
<useDomainConstraints>false</useDomainConstraints>
<use>1</use>
<logicalDatatype>LOGDT019</logicalDatatype>
<dataTypePrecision>9</dataTypePrecision>
<ownDataTypeParameters>,9,</ownDataTypeParameters>
</Attribute>
<Attribute name="NR_TELEFONE" id="698D6704-7870-3003-BF35-69A710D59069">
<createdBy>pecas.cup</createdBy>
<createdTime>2023-05-30 14:33:59 UTC</createdTime>
<comment><![CDATA[Esse atributo recebe o número do telefone. Esse atributo é obrigatório]]></comment>
<commentInRDBMS><![CDATA[Esse atributo recebe o número do telefone. Esse atributo é obrigatório]]></commentInRDBMS>
<ownerDesignName>1TDSPV_ModeloLogico_GS_AgroVida</ownerDesignName>
<engineerTo>
<item key="98D0595C-CA14-DE15-29E3-CD9DE2D163BF" value="true"/>
</engineerTo>
<useDomainConstraints>false</useDomainConstraints>
<use>1</use>
<logicalDatatype>LOGDT019</logicalDatatype>
<dataTypePrecision>9</dataTypePrecision>
<ownDataTypeParameters>,9,</ownDataTypeParameters>
</Attribute>
<Attribute name="NR_DDD_TELEFONE" id="5D635A07-CE77-5A8B-E2B7-B2FBACF69FBE">
<createdBy>pecas.cup</createdBy>
<createdTime>2023-05-30 14:36:22 UTC</createdTime>
<comment><![CDATA[Esse atributo recebe o DDD do telefone. Esse atributo é obrigatório]]></comment>
<commentInRDBMS><![CDATA[Esse atributo recebe o numéro do  DDD do telefone. Esse atributo é obrigatório]]></commentInRDBMS>
<ownerDesignName>1TDSPV_ModeloLogico_GS_AgroVida</ownerDesignName>
<engineerTo>
<item key="98D0595C-CA14-DE15-29E3-CD9DE2D163BF" value="true"/>
</engineerTo>
<useDomainConstraints>false</useDomainConstraints>
<use>1</use>
<logicalDatatype>LOGDT019</logicalDatatype>
<dataTypePrecision>3</dataTypePrecision>
<ownDataTypeParameters>,3,</ownDataTypeParameters>
</Attribute>
<Attribute name="NR_DDI_TELEFONE" id="627E52F0-B85C-D63D-9EAE-6F71D6BECAD0">
<createdBy>pecas.cup</createdBy>
<createdTime>2023-05-30 14:40:51 UTC</createdTime>
<comment><![CDATA[Esse atributo recebe o número do DDI do telefone. Esse atributo é obrigatório.]]></comment>
<commentInRDBMS><![CDATA[Esse atributo recebe o número do DDI do telefone. Esse atributo é obrigatório.]]></commentInRDBMS>
<ownerDesignName>1TDSPV_ModeloLogico_GS_AgroVida</ownerDesignName>
<engineerTo>
<item key="98D0595C-CA14-DE15-29E3-CD9DE2D163BF" value="true"/>
</engineerTo>
<useDomainConstraints>false</useDomainConstraints>
<use>1</use>
<logicalDatatype>LOGDT024</logicalDatatype>
<dataTypeSize>4</dataTypeSize>
<ownDataTypeParameters>4,,</ownDataTypeParameters>
</Attribute>
<Attribute name="OPERADORA" id="837C2705-00D9-25E7-2BBF-95DB1868F196">
<createdBy>pecas.cup</createdBy>
<createdTime>2023-05-30 14:38:53 UTC</createdTime>
<comment><![CDATA[Esse atributo recebe o nome da operadora do telefone. Esse atributo não é obrigatório]]></comment>
<commentInRDBMS><![CDATA[Esse atributo recebe o nome da operadora do telefone. Esse atributo não é obrigatório]]></commentInRDBMS>
<ownerDesignName>1TDSPV_ModeloLogico_GS_AgroVida</ownerDesignName>
<engineerTo>
<item key="98D0595C-CA14-DE15-29E3-CD9DE2D163BF" value="true"/>
</engineerTo>
<useDomainConstraints>false</useDomainConstraints>
<use>1</use>
<logicalDatatype>LOGDT024</logicalDatatype>
<dataTypeSize>100</dataTypeSize>
<ownDataTypeParameters>100,,</ownDataTypeParameters>
</Attribute>
<Attribute name="DT_INICIO" id="FA4EA1F1-9B74-A6C9-34C4-5019E37A5F9A">
<createdBy>pecas.cup</createdBy>
<createdTime>2023-05-31 12:18:21 UTC</createdTime>
<comment><![CDATA[Esse atributo recebe a data que a tabela foi iniciada. Esse atributo é obrigatório.]]></comment>
<commentInRDBMS><![CDATA[Esse atributo recebe a data que a tabela foi iniciada. Esse atributo é obrigatório.]]></commentInRDBMS>
<ownerDesignName>1TDSPV_ModeloLogico_GS_AgroVida</ownerDesignName>
<engineerTo>
<item key="98D0595C-CA14-DE15-29E3-CD9DE2D163BF" value="true"/>
</engineerTo>
<useDomainConstraints>false</useDomainConstraints>
<use>1</use>
<logicalDatatype>LOGDT007</logicalDatatype>
<ownDataTypeParameters>,,</ownDataTypeParameters>
</Attribute>
<Attribute name="DT_FIM" id="92918936-65F3-D47E-8C80-F73F25AB6A7B">
<createdBy>pecas.cup</createdBy>
<createdTime>2023-05-31 12:19:26 UTC</createdTime>
<comment><![CDATA[Esse atributo recebe a data que a tabela foi finalizada. Esse atributo não é obrigatório.]]></comment>
<commentInRDBMS><![CDATA[Esse atributo recebe a data que a tabela foi finalizada. Esse atributo não é obrigatório.]]></commentInRDBMS>
<ownerDesignName>1TDSPV_ModeloLogico_GS_AgroVida</ownerDesignName>
<engineerTo>
<item key="98D0595C-CA14-DE15-29E3-CD9DE2D163BF" value="true"/>
</engineerTo>
<nullsAllowed>true</nullsAllowed>
<useDomainConstraints>false</useDomainConstraints>
<use>1</use>
<logicalDatatype>LOGDT007</logicalDatatype>
<ownDataTypeParameters>,,</ownDataTypeParameters>
</Attribute>
<Attribute name="NM_USUARIO" id="235C684A-F126-728A-74A8-094032E93553">
<createdBy>pecas.cup</createdBy>
<createdTime>2023-05-31 14:06:30 UTC</createdTime>
<comment><![CDATA[Esse atributo receberá o nome do usuário que realizará alterações na tabela. Esse atributo é obrigatório.]]></comment>
<commentInRDBMS><![CDATA[Esse atributo receberá o nome do usuário que realizará alterações na tabela. Esse atributo é obrigatório.]]></commentInRDBMS>
<ownerDesignName>1TDSPV_ModeloLogico_GS_AgroVida</ownerDesignName>
<engineerTo>
<item key="98D0595C-CA14-DE15-29E3-CD9DE2D163BF" value="true"/>
</engineerTo>
<useDomainConstraints>false</useDomainConstraints>
<use>1</use>
<logicalDatatype>LOGDT024</logicalDatatype>
<dataTypeSize>100</dataTypeSize>
<ownDataTypeParameters>100,,</ownDataTypeParameters>
</Attribute>
</attributes>
<identifiers itemClass="oracle.dbtools.crest.model.design.logical.CandidateKey">
<identifier id="2408A691-68C3-10A3-C75B-F51103A8926E" name="T_AGV_TELEFONE PK">
<createdBy>pecas.cup</createdBy>
<createdTime>2023-05-30 14:29:24 UTC</createdTime>
<ownerDesignName>1TDSPV_ModeloLogico_GS_AgroVida</ownerDesignName>
<engineerTo>
<item key="98D0595C-CA14-DE15-29E3-CD9DE2D163BF" value="true"/>
</engineerTo>
<pk>true</pk>
<usedAttributes>
<attributeRef>EE942E7B-244F-81A1-341A-3B878A6212D1</attributeRef>
</usedAttributes>
</identifier>
</identifiers>
</Entity>